<?xml version="1.0" encoding="UTF-8" standalone="yes"?>
<addon id="context.otaku" version="0.0.10" name="otaku - Global Context Menu Items" provider-name="TeamOtaku">
  <requires>
    <!-- <import addon="xbmc.python" version="2.24.0" /> -->
  </requires>
  <extension point="kodi.context.item">
    <menu id="kodi.core.main">
      <item library="rescrape.py">
        <label>Rescrape Item</label>
        <visible>String.StartsWith(ListItem.path,plugin://plugin.video.otaku/)+[String.IsEqual(ListItem.dbtype,episode)]</visible>
      </item>
      <item library="sourceSelect.py">
        <label>Source Select</label>
        <visible>String.StartsWith(ListItem.path,plugin://plugin.video.otaku/)+[String.IsEqual(ListItem.dbtype,episode)|String.IsEqual(ListItem.dbtype,movie)]</visible>
      </item>
      <item library="findRecommendations.py">
        <label>Find Recommendations</label>
        <visible>String.StartsWith(ListItem.path,plugin://plugin.video.otaku/)+[String.IsEqual(ListItem.dbtype,tvshow)|String.IsEqual(ListItem.dbtype,movie)]</visible>
      </item>
      <item library="findRelations.py">
        <label>Find Relations</label>
        <visible>String.StartsWith(ListItem.path,plugin://plugin.video.otaku/)+[String.IsEqual(ListItem.dbtype,tvshow)|String.IsEqual(ListItem.dbtype,movie)]</visible>
      </item>
      <item library="getWatchOrder.py">
        <label>Get Watch Order</label>
        <visible>String.StartsWith(ListItem.path,plugin://plugin.video.otaku/)+[String.IsEqual(ListItem.dbtype,tvshow)|String.IsEqual(ListItem.dbtype,movie)]</visible>
      </item>
      <item library="watchlistLogout.py">
        <label>Logout</label>
        <visible>String.StartsWith(ListItem.path,plugin://plugin.video.otaku/)+[String.Contains(ListItem.folderpath,/watchlist/)]</visible>
      </item>
    </menu>
  </extension>
  <extension point="xbmc.addon.metadata">
    <summary lang="en">otaku - This Addon is currently in beta. Please be aware there may be bugs present</summary>
    <description lang="en">Adds Global Contextual Menu Items for otaku menu items throughout Kodi
    </description>
    <platform>all</platform>
    <license>GPL-3.0</license>
    <forum></forum>
    <website></website>
    <source></source>
    <disclaimer lang="en"></disclaimer>
    <assets>
      <icon>icon.png</icon>
      <fanart>fanart.jpg</fanart>
    </assets>
    <news>
Changelog 0.0.10:
- Initial release
    </news>
  </extension>
</addon>
