<?xml version="1.0" encoding="UTF-8" standalone="yes"?>
<addon id="plugin.video.otaku" name="Otaku" provider-name="TeamOtaku" version="0.4.22">
  <requires>
    <!-- <import addon="xbmc.python" version="2.24.0"/> -->
    <import addon="script.module.beautifulsoup4" version="4.5.3" />
    <import addon="script.module.inputstreamhelper" version="0.3.3" />
    <import addon="script.module.six" version="1.15.0"/>
    <import addon="script.module.kodi-six" version="0.1.3"/>
    <import addon="context.otaku" version="0.0.10"/>
    <import addon="script.otaku.themepak" version="0.0.9"/>
    <!-- <import addon="script.module.web-pdb" version="1.6.0"/> -->

  </requires>
  <extension library="default.py" point="xbmc.python.pluginsource">
        <provides>video</provides>
  </extension>
  <extension point="xbmc.service" library="service.py" />
  <extension point="xbmc.addon.metadata">
    <reuselanguageinvoker>false</reuselanguageinvoker> <!-- You can enable this if you want, expect some instability but much faster menu speeds -->
    <summary lang="en">Otaku video plugin</summary>
    <description lang="en">HD Animes</description>
    <platform>all</platform>
    <disclaimer>Otaku is and always will be free and open-source. None of its code and resources may be sold or redistributed for any commercial purposes.[CR]This addon and its developers [B]DO NOT[/B] host, create, or distribute any of the content displayed in the addon, it simply scrapes ad financed public websites. It is the responsibility of the user to ensure that they are following all applicable laws and regulations in their country.[CR]This addon and its developers are not in any way affiliated with Team Kodi or any of the sites and providers used in the addon.</disclaimer>
    <license>GPL-3.0</license>
    <assets>
      <icon>icon.png</icon>
      <fanart>fanart.jpg</fanart>
    </assets>
  </extension>
</addon>
